[
    {
        "heading": "Privacy Policy:",
        "content": "We appreciate your confidence in us and understand the importance of protecting your personal information. This Privacy Policy explains how Elite Services hub collects, uses, shares, and otherwise processes your personal information when you visit www.elitsserviceshub.com. While you may explore certain portions of the Platform without registering with us, please be aware that we do not provide any services through this Platform outside of India, the United States, and Canada. By using this Platform, providing information, or using our services, you expressly agree to be bound by the terms and conditions of this Privacy Policy, as well as the applicable service terms and conditions, and to be governed by the laws of India, the United States of America, and Canada, including but not limited to data protection and privacy laws. Please do not use or access our Platform if you do not agree."
    },
    {
        "heading": "Collection of Your Information:",
        "content": "We gather and retain your information that you supply to us from time to time when you use our Platform. In general, you can use the Platform without exposing your identity or other personal information about yourself. You are no longer anonymous to us once you have provided us with your personal information. We try to make it clear which fields are mandatory and which are optional. You can always choose not to give information by not using a specific service or feature on the Platform. Your personal information is used to provide you with the services you have requested. If we use your personal information to market to you, we will give you the option to opt out of that marketing. We use your personal information to improve customer service, resolve disputes, troubleshoot problems, promote a safe service, inform you about online and offline offers, services, and updates, customise and enhance your experience, detect and protect us against error, fraud, and other criminal activity, enforce our terms and conditions, and as otherwise described to you at the time of data collection."
    },
    {
        "heading": "Cookies:",
        "content": "On specific pages of the Platform, we utilise data gathering devices such as cookies to assist us analyse our web page flow, monitor promotional efficacy, and encourage trust and safety. Cookies are little files that are stored on your computer's hard disc to help us provide our services. Cookies do not hold any personal information about you. We provide some services that are only available with the usage of a cookie. We also use cookies to make it easier for you to input your password during a session. Cookies can also assist us in providing information that is tailored to your specific preferences. The majority of cookies are session cookies, which means they are automatically wiped from your hard disc when you close your browser."
    },
    {
        "heading": "Changes to this Privacy Policy:",
        "content": "Please review our Privacy Policy on a regular basis for any updates. This Privacy Policy may be updated to reflect changes in our information practises. When we are required to do so by applicable law, we will notify you of important changes by posting the date our policy was last updated, displaying a notice on our Platform, or sending you an email."
    },
    {
        "heading": "Queries:",
        "content": "Please contact us at the contact information provided above if you have a question, issue, concern, or complaint about the acquisition or use of your personal information under this Privacy Policy."
    }
]